<?xml version="1.0" encoding="UTF-8"?>
<project-private xmlns="http://www.netbeans.org/ns/project-private/1">
    <editor-bookmarks xmlns="http://www.netbeans.org/ns/editor-bookmarks/2" lastBookmarkId="0"/>
    <open-files xmlns="http://www.netbeans.org/ns/projectui-open-files/2">
        <group>
            <file>file:/D:/tubes/tes1/src/searchfinance.java</file>
            <file>file:/D:/tubes/tes1/src/addpayment.java</file>
            <file>file:/D:/tubes/tes1/src/Login.java</file>
            <file>file:/D:/tubes/tes1/src/LoginAdmin.java</file>
            <file>file:/D:/tubes/tes1/src/EditStudent.java</file>
            <file>file:/D:/tubes/tes1/src/FinanceHome.java</file>
            <file>file:/D:/tubes/tes1/src/addstd.java</file>
            <file>file:/D:/tubes/tes1/src/SearchStudent.java</file>
            <file>file:/D:/tubes/tes1/src/LoginFinance.java</file>
            <file>file:/D:/tubes/tes1/src/StudentMenu.java</file>
            <file>file:/D:/tubes/tes1/src/AdminHome.java</file>
        </group>
    </open-files>
</project-private>
